<?xml version="1.0" encoding="UTF-8" ?>
<!DOCTYPE configuration
        PUBLIC "-//mybatis.org//DTD Config 3.0//EN"
        "http://mybatis.org/dtd/mybatis-3-config.dtd">
<configuration>
    <environments default="development">
        <environment id="development">
            <transactionManager type="jdbc">

            </transactionManager>
            <dataSource type="POOLED">
                <property name="driver" value="com.mysql.cj.jdbc.Driver"/>
                <property name="url" value="jdbc:mysql://192.168.52.134:3306/StrawBerry?useUnicode=true&amp;characterEncoding=utf8"/>
                <property name="username" value="imooc"/>
                <property name="password" value="imooc"/>
            </dataSource>
        </environment>
    </environments>
    <mappers>
        <!-- <mapper resource="com/xkrj/dao/UserMapper.xml"></mapper>-->
        <mapper resource="Strawmapper.xml"></mapper>
    </mappers>
</configuration>